Building Type,Square Footage,Number of Occupants,Appliances Used,Average Temperature,Day of Week,Energy Consumption
Residential,0.0,76,10,29.84,Weekday,2428.9884017382265
Commercial,47156.331553643184,66,45,16.72,Weekday,5616.683011974656
Industrial,26399.974541454052,37,17,14.3,Weekend,3850.3454030670264
Residential,18122.76457445362,14,41,32.82,Weekday,3055.514572595597
Commercial,20350.955143157495,26,18,11.92,Weekday,3781.9740637619875
Commercial,36014.01014445816,26,32,16.24,Weekend,4363.8393266675985
Industrial,35636.450482993554,92,14,21.01,Weekend,5947.165480590151
Residential,30209.84572268788,60,18,28.24,Weekday,3788.024859236549
Industrial,29381.443222824044,99,44,13.08,Weekday,5485.654301949648
Residential,16961.46083042092,42,36,28.84,Weekday,3762.9322733117774
Commercial,29031.46403474131,71,14,11.3,Weekend,4705.81486979179
Commercial,46433.287733281766,4,44,25.38,Weekday,5563.92440773979
Residential,18279.433040713684,97,34,17.35,Weekday,3517.5870899218467
Residential,12823.87721340387,11,8,17.8,Weekend,2376.2848391434063
Residential,51925.010726288514,97,19,22.45,Weekend,5376.787702171639
Commercial,10070.206207706984,54,47,13.56,Weekend,3908.5671941341716
Commercial,3187.880792660796,34,44,24.62,Weekday,2911.4787977375245
Industrial,33638.12448037013,97,20,23.99,Weekend,5864.859354119881
Industrial,0.0,32,23,27.87,Weekday,3263.457470972609
Residential,19293.54415093217,19,48,22.67,Weekend,3834.3540684836275
Commercial,41479.74083362905,24,43,10.38,Weekday,5642.519323733942
Industrial,4253.068418861934,83,40,32.92,Weekday,5004.085409103459
Industrial,23182.95047206916,32,22,17.87,Weekday,4705.960402276351
Commercial,29831.905605651387,55,16,26.95,Weekend,3957.351776090639
Residential,42298.0555384173,39,27,18.67,Weekend,4733.006766090668
Industrial,51517.927123452915,22,7,31.95,Weekday,5432.779045756561
Residential,37005.059782188044,8,5,23.67,Weekend,3445.3172071628765
Industrial,40539.21280736607,63,12,29.54,Weekday,5647.783715523343
Residential,32607.96760199797,35,14,15.39,Weekend,2850.0843254034553
Residential,28647.313966652397,12,30,32.89,Weekend,3374.224677456932
Commercial,9618.263277827258,75,41,12.97,Weekday,4575.9202270825
Residential,50438.44549454359,22,36,15.41,Weekend,5097.577414466472
Commercial,12203.660959681782,24,34,24.93,Weekday,4203.7187272936
Industrial,35712.86995226118,2,13,11.36,Weekend,3962.909317298859
Residential,0.0,5,26,20.96,Weekday,1374.9529716094657
Residential,42758.28549254869,33,11,14.17,Weekday,4275.84417568939
Residential,9670.816540594915,25,26,21.34,Weekday,2605.6279300835104
Industrial,34704.119705114615,77,20,22.84,Weekend,5020.322688001809
Residential,2895.449620486459,31,13,15.09,Weekend,2346.408028085104
Residential,37410.80830322912,64,43,24.21,Weekday,5872.305981293864
Industrial,17664.55568431298,89,31,32.76,Weekend,4944.101138064789
Commercial,4804.6492417459895,58,35,10.34,Weekday,3791.9146253625145
Residential,26399.73545609415,85,21,29.36,Weekend,3906.5892028975427
Residential,43747.12696066032,20,30,31.23,Weekend,4037.69046758917
Industrial,45134.57844344384,85,45,12.92,Weekday,6145.60417551181
Industrial,19633.224562681477,73,26,14.95,Weekday,4480.972298343631
Industrial,44275.94085590237,99,18,33.43,Weekend,5617.897069405071
Residential,12242.54188710588,35,16,21.39,Weekday,3002.366234157041
Industrial,47842.85835169938,26,48,28.64,Weekend,6221.093439047138
Residential,43864.30511813411,63,13,18.75,Weekend,3973.330039719284
Residential,21905.810203386238,85,45,11.64,Weekday,3128.3595549063443
Commercial,0.0,2,24,18.69,Weekday,2889.439657640467
Industrial,37521.350629392015,3,13,13.09,Weekday,4244.299885140683
Residential,3214.6021783325946,78,10,28.31,Weekend,2038.7575466751055
Residential,15812.200379562852,21,17,31.54,Weekend,1953.2503059936894
Industrial,45204.88735085644,15,22,26.78,Weekday,5688.053522070275
Industrial,33296.177754332915,17,35,34.03,Weekend,5041.230560668987
Industrial,32135.141793730345,69,43,15.98,Weekend,5087.898451944623
Industrial,24908.041430622015,24,14,23.97,Weekend,4530.271522203186
Industrial,34124.61289830825,89,10,22.15,Weekend,4318.647715714177
Industrial,0.0,27,44,10.08,Weekday,4086.283695268599
Commercial,2585.0053937778766,89,32,31.24,Weekday,3853.477373436645
Industrial,33020.08960016637,78,22,15.51,Weekend,6240.774296973246
Commercial,12766.335049796133,33,20,25.24,Weekday,3716.4913595890375
Residential,17802.96377610634,84,41,25.93,Weekend,2938.558390319301
Commercial,34764.084031317616,10,22,15.14,Weekend,4285.681459066975
Commercial,4942.42602199817,25,47,25.8,Weekend,3287.8716965325684
Residential,38903.37223017882,57,47,17.34,Weekend,4904.850911877563
Residential,27669.678204112257,97,15,29.66,Weekday,3671.5089166796683
Industrial,38261.408778128476,44,19,11.91,Weekend,4894.013793620962
Industrial,40872.02706635834,75,35,26.86,Weekday,5948.475102247378
Industrial,25921.84399808623,6,33,17.4,Weekday,4530.860823958482
Residential,4670.8953399278225,2,22,20.11,Weekend,2866.5228543362728
Industrial,12924.987723838372,68,35,29.35,Weekend,4548.8215678755905
Commercial,9365.573399502367,73,7,20.74,Weekday,3880.8042721204747
Industrial,28682.139380652294,48,40,21.62,Weekend,4912.956453799979
Commercial,12447.289006523173,23,47,10.9,Weekend,3639.845094137314
Commercial,41544.42091430306,4,18,24.42,Weekday,4292.587507315405
Industrial,30308.686003267216,34,11,11.92,Weekday,5095.142111487804
Industrial,57230.92240529072,40,16,11.52,Weekday,5134.766329640531
Commercial,19305.45752353211,68,13,25.69,Weekday,4317.331627330745
Industrial,26013.642039302973,48,40,27.71,Weekday,3886.342042934134
Commercial,52511.260788572596,43,25,14.5,Weekday,5474.31475401836
Residential,38704.059065599395,77,3,32.58,Weekday,4948.674685765503
Commercial,29091.45572434458,44,19,22.34,Weekday,4038.8722345997962
Residential,25567.288450994944,59,33,32.21,Weekday,4001.7213569285777
Industrial,46329.57557484534,4,4,22.06,Weekday,4398.415701804533
Residential,1983.530070363878,22,45,24.88,Weekend,2028.1995439029024
Residential,0.0,21,24,15.0,Weekday,2821.134022126942
Commercial,23625.537079683912,22,32,25.42,Weekday,4080.598103573315
Residential,29341.40708876411,68,3,16.82,Weekend,3280.7170067450306
Commercial,18555.603099243952,24,24,17.95,Weekday,3023.544556168423
Industrial,4365.622433897792,86,32,15.79,Weekday,3176.7712601053363
Residential,30676.257511590826,55,2,10.62,Weekend,3106.2177112069203
Commercial,40518.973799443585,30,39,22.49,Weekend,5137.885162813194
Commercial,4526.1770809484005,68,3,33.63,Weekend,3271.4771755662073
Residential,337.02545998019195,28,30,17.72,Weekend,3011.3400110929574
Commercial,5786.894365001226,6,35,15.55,Weekday,3089.8930872962674
Industrial,23454.349034902152,15,11,11.29,Weekday,3687.5833917404875
Commercial,38888.05100233783,70,35,13.05,Weekend,5098.125717800493
Commercial,19290.625358773726,88,26,17.36,Weekend,4748.829170057306
Commercial,4270.192649376966,46,41,13.13,Weekday,3881.018356184535
Commercial,0.0,21,17,29.93,Weekend,1765.7768871906005
Residential,4214.694551106359,83,13,23.67,Weekday,2373.379491230765
Industrial,5345.804105704613,3,12,28.85,Weekday,2364.3770944347584
Industrial,0.0,39,41,15.77,Weekday,3785.874098613392
Commercial,10133.923470857093,84,29,17.2,Weekday,3959.21734301789
Residential,28658.829569109937,75,24,33.11,Weekend,4126.954129649982
Commercial,18046.765338095676,77,34,33.56,Weekend,4214.267230146981
Residential,0.0,32,15,26.19,Weekday,2660.6567475825636
Residential,13470.930117948876,64,42,23.14,Weekend,3519.222694703413
Residential,28468.648786248283,10,17,24.49,Weekday,3763.1767975296298
Residential,33632.39527328512,41,1,26.97,Weekday,3234.2369346131877
Residential,22799.75906010888,66,1,29.74,Weekday,3381.882429001525
Residential,39575.68292884968,86,31,18.88,Weekend,4783.757054785691
Commercial,40043.87918019278,30,32,20.36,Weekend,4734.874910365866
Industrial,49250.50256285632,82,20,23.44,Weekday,6160.354582812092
Industrial,22032.3851211323,60,30,13.61,Weekend,4939.916843830948
Commercial,24489.51336349621,3,37,27.75,Weekday,3237.8875903141184
Residential,45956.54875550522,82,41,16.32,Weekday,4622.486077564254
Industrial,46160.03595653502,83,31,26.67,Weekday,7093.0093207784485
Residential,8138.292985918394,73,35,19.29,Weekday,3069.640991783524
Commercial,21186.25035014763,2,49,30.66,Weekday,4038.25284673339
Industrial,42232.54068405365,75,21,28.17,Weekday,4914.515312858697
Industrial,13307.648759111313,19,36,22.89,Weekend,3502.305207984531
Residential,47282.472904055096,73,2,14.29,Weekend,4219.947418911534
Commercial,14122.031579428123,46,10,18.4,Weekday,3850.178016828717
Residential,2115.4883664489553,15,4,12.87,Weekday,1027.294092257202
Commercial,13316.177734166307,35,4,24.93,Weekday,3316.4875421262223
Commercial,18340.060247286783,40,4,14.57,Weekend,2527.339075524459
Commercial,1722.3146665682561,5,36,33.46,Weekend,3332.0222403482585
Commercial,27402.296366893097,50,40,25.81,Weekend,3978.8711896750024
Commercial,11351.076306753315,60,48,31.53,Weekday,3543.9950705593715
Commercial,13702.790955802739,15,39,28.75,Weekend,2982.528899389206
Commercial,45173.03751835483,15,49,10.43,Weekend,4836.541221051998
Residential,21874.73937512972,93,3,32.87,Weekday,3701.659869715529
Residential,43474.90191963396,12,12,18.68,Weekday,3797.7130619788654
Residential,41299.75553326259,70,22,23.91,Weekday,4245.695130613752
Commercial,6056.648916038121,82,46,13.2,Weekend,4577.392677245423
Commercial,28701.476650536937,16,41,31.63,Weekend,3771.4213702596035
Residential,11274.239926561888,66,4,14.36,Weekend,3031.7256569510273
Residential,43532.10575819646,12,13,29.68,Weekend,3751.387387116243
Industrial,570.0622388241154,5,34,29.59,Weekend,3278.5390858415535
Industrial,35450.87663660997,86,10,15.01,Weekday,4527.96784843583
Commercial,53203.619628020766,68,4,33.33,Weekday,5017.377933725236
Residential,20303.375437000745,58,24,27.49,Weekend,3618.312008883491
Industrial,22066.31209472989,54,47,32.58,Weekend,4652.438253975158
Residential,21765.832163061456,65,27,22.5,Weekend,3492.5792800493746
Industrial,5308.24720930848,21,25,32.25,Weekday,3047.3780721775756
Residential,23945.454410379083,21,8,17.75,Weekend,2520.3991648354436
Industrial,30931.089245333842,2,39,23.03,Weekday,4819.585655525446
Industrial,33821.027540270996,72,40,10.71,Weekend,5430.225445484685
Commercial,27335.200943521,16,44,32.34,Weekday,4496.717598010815
Commercial,4458.3197513903215,42,27,15.63,Weekday,3360.177601731498
Residential,41701.53473727254,95,1,31.98,Weekday,4811.552313747074
Commercial,19358.1292539961,95,8,29.74,Weekday,4064.701955555469
Industrial,38539.75411173286,12,14,13.25,Weekend,4429.51958173339
Industrial,20087.783778730554,69,7,32.54,Weekday,4014.633537430228
Residential,15398.885728381916,13,45,12.11,Weekend,3239.6248397920544
Residential,14823.054077577304,68,29,14.07,Weekend,3359.1170466496346
Residential,11376.157765387537,81,37,23.68,Weekend,2447.1238982398504
Industrial,3241.4071520419884,85,21,28.01,Weekend,4033.841949769006
Commercial,2157.319030909881,47,4,13.55,Weekend,3333.792362941132
Industrial,56007.33505014616,52,4,32.3,Weekend,4937.097246791083
Industrial,49103.4004028068,98,24,10.55,Weekday,4642.399922704406
Commercial,33608.23704975387,23,43,28.56,Weekday,4827.433233473304
Industrial,32012.521725492687,73,23,34.62,Weekday,6214.2474096081805
Industrial,43961.0021661375,92,35,25.8,Weekend,5928.246871420662
Commercial,23626.389616150966,78,17,34.79,Weekday,3779.0248623232064
Industrial,29639.243355671213,21,28,28.96,Weekend,4427.981236754885
Residential,13744.650604905844,13,18,21.04,Weekend,3027.677345058025
Residential,31191.882043866914,10,10,21.71,Weekday,3575.6859674032617
Industrial,13542.187124471635,89,8,27.28,Weekday,4790.90534204578
Industrial,30009.081492876372,4,13,27.18,Weekend,4418.710034249244
Commercial,28163.898808313894,93,48,31.37,Weekday,4701.038443104008
Residential,20811.222575947108,43,44,19.34,Weekday,3555.521933532076
Industrial,10192.434531922687,36,28,19.36,Weekday,3765.813161747425
Commercial,42163.28917222056,79,30,34.31,Weekday,5307.216200085867
Commercial,6675.237643294322,99,41,19.66,Weekday,4845.552172759715
Residential,41564.30213747887,8,48,12.44,Weekday,5018.251817103458
Commercial,0.0,3,28,31.36,Weekday,2575.141516754521
Residential,11114.602960446486,91,34,17.79,Weekend,3795.4658438828305
Commercial,6381.843119664929,21,10,33.58,Weekday,2674.9338849602736
Industrial,10796.768343904183,16,41,27.82,Weekday,4316.195694042587
Industrial,43148.96931786771,30,39,33.84,Weekend,5453.937558611413
Industrial,23769.802544297858,55,26,28.11,Weekday,6226.8092910650985
Industrial,15896.200570706882,25,31,15.3,Weekday,3279.246132094961
Commercial,32099.0170461733,25,21,26.8,Weekend,3509.6107321499844
Commercial,31981.52009326238,8,1,19.76,Weekday,3482.887803511735
Commercial,14187.043587722037,83,17,17.14,Weekend,5237.897975747794
Industrial,21583.897186540555,31,47,17.91,Weekday,4490.035789628143
Industrial,31924.172133234548,70,34,10.13,Weekday,5454.024511045817
Residential,1091.2086651789177,51,27,11.96,Weekday,3137.43351668303
Industrial,23913.372455006414,52,26,10.39,Weekend,4874.328057867667
Industrial,41147.66720890753,64,15,11.73,Weekday,5459.499433015296
Residential,37952.38195206893,95,49,16.69,Weekday,5258.460659661041
Commercial,31780.48936642226,10,30,10.68,Weekday,5015.295070262884
Commercial,25153.536215612687,8,10,20.28,Weekend,3297.4048913467964
Industrial,39671.331889998015,73,28,14.86,Weekend,6086.045153934138
Industrial,21180.697994212165,58,6,19.1,Weekday,4356.10848503077
Residential,55643.25535327579,65,33,24.63,Weekday,5349.8950837679595
Industrial,17906.001426557654,90,44,33.51,Weekend,5564.644659656298
Industrial,3007.2786580018283,88,44,19.54,Weekday,4781.9003724383565
Industrial,47048.17631215451,44,23,30.84,Weekend,5660.301164695243
Industrial,25706.03440464291,57,19,20.07,Weekend,4195.494442974599
Residential,28906.908449631785,41,31,24.01,Weekday,4422.802476324836
Commercial,9510.998859998715,1,21,17.83,Weekday,3358.4249672703686
Residential,18217.504042520846,83,21,21.77,Weekend,3108.481513627535
Commercial,6724.63560984459,88,41,22.27,Weekend,3772.5087923282263
Industrial,26662.92636936598,89,14,28.98,Weekend,4029.5746195272377
Residential,16819.774523449436,33,14,23.74,Weekend,2381.4948204431225
Commercial,8681.030342855793,93,49,16.33,Weekend,4457.633136742981
Industrial,34247.12817659127,15,34,16.79,Weekend,5022.318010107926
Commercial,11428.90628197481,51,7,13.32,Weekday,2972.027916387275
Industrial,28112.650172857975,60,27,34.51,Weekend,3906.5645109722477
Industrial,36421.69481280049,35,19,18.63,Weekend,4194.989658327968
Industrial,52159.607280452095,82,22,17.47,Weekend,6301.91168452059
Residential,17025.04605671033,15,1,33.38,Weekday,1294.29589814412
Residential,19945.91870745795,85,47,25.14,Weekend,4453.87857319665
Residential,32303.723033140905,63,47,33.23,Weekday,4911.1518419377835
Residential,2687.2913034258136,70,46,22.83,Weekend,3989.881949415268
Residential,3875.468130448854,81,2,33.21,Weekday,2431.0027526573326
Commercial,35451.337028438356,87,11,30.09,Weekend,3870.8885239662313
Industrial,34358.798371520636,13,45,16.46,Weekday,5930.818384099882
Industrial,25850.131602661575,42,24,16.95,Weekend,4866.382685999194
Commercial,16696.042790551055,34,35,18.11,Weekend,5062.684723938376
Residential,33321.19380314765,30,2,29.99,Weekend,2204.6156213366453
Residential,13922.911570469,4,38,31.41,Weekday,2442.4788603475113
Industrial,7467.048514086602,42,44,30.72,Weekend,3879.9036271060886
Industrial,16137.635529044057,58,19,16.61,Weekday,3886.705557560734
Industrial,26608.881513299595,32,5,23.67,Weekend,4435.894485807049
Commercial,44548.1967587784,2,18,20.62,Weekend,4190.847351947469
Commercial,25816.032162936273,86,24,24.53,Weekend,4070.8252516454045
Residential,10876.713044265569,32,1,27.57,Weekday,1878.6393037470716
Commercial,15539.586098786756,22,30,25.81,Weekend,2872.379632745418
Industrial,12838.257236831323,63,8,34.74,Weekend,3761.3626671307725
Residential,9325.667680444822,90,1,21.06,Weekday,3741.2906863060957
Commercial,23665.534201268736,98,23,20.5,Weekday,4480.423448635817
Industrial,44431.38568805632,31,33,34.69,Weekend,4833.1396576719235
Residential,27916.831541631047,43,34,20.96,Weekend,4212.359045566885
Commercial,33044.658025246266,58,48,29.34,Weekday,5872.919361427815
Commercial,20117.32624007108,80,4,11.3,Weekday,3241.9941182274515
Residential,13568.112505728139,36,37,22.53,Weekend,3078.521572866681
Commercial,11408.285102759379,35,40,16.32,Weekend,3782.272761300177
Residential,30886.930343470573,58,47,32.58,Weekend,4665.372180977381
Residential,14585.409066092398,16,11,10.88,Weekend,2362.094400196843
Commercial,42290.54554097883,97,46,28.14,Weekend,5235.213245240326
Commercial,44361.0010751622,81,20,27.82,Weekday,5635.140055472354
Residential,41856.44219916741,55,30,32.48,Weekday,4568.041302428794
Commercial,34277.17405182969,55,37,23.7,Weekday,5020.825153257904
Industrial,9569.241587516066,51,46,29.12,Weekend,3615.699121671099
Residential,7616.665760821423,34,30,19.68,Weekend,3173.379997299359
Residential,0.0,11,2,29.34,Weekday,1905.7203056996445
Commercial,15327.101412671895,86,49,22.06,Weekend,3954.804091792301
Industrial,33341.20913930687,28,45,15.43,Weekend,5388.519339355886
Residential,27756.402624018672,12,3,33.13,Weekday,2184.9151654589523
Industrial,14527.971734918214,38,31,16.0,Weekday,5362.307735704733
Industrial,4271.483103757555,22,20,25.08,Weekday,3146.384292688658
Commercial,46133.56625729832,70,17,20.78,Weekend,5207.615424512046
Industrial,397.53608045881265,62,34,19.48,Weekday,4100.643016083789
Industrial,12817.249981000916,7,7,27.65,Weekend,3407.458866072629
Industrial,42229.62624089364,54,34,34.66,Weekend,6218.582463210439
Residential,33933.32900893408,32,16,20.35,Weekend,3998.622631826458
Residential,0.0,4,14,30.62,Weekend,1954.459529514308
Residential,49362.44668375119,12,3,32.59,Weekend,4204.193657473313
Residential,12668.243959936668,45,3,24.75,Weekday,2298.565991430462
Industrial,5675.086406332475,75,24,33.81,Weekday,3625.172043770383
Industrial,5829.859111833219,2,33,23.52,Weekend,3041.329511093604
Residential,30591.826951001138,93,37,26.83,Weekday,4201.137738625203
Commercial,8558.779745796586,16,36,16.95,Weekday,3087.685155650096
Industrial,24193.759339015727,82,41,23.04,Weekday,4528.85384942608
Industrial,32486.85853553697,91,29,32.83,Weekday,5496.781702620743
Residential,39072.316344342355,45,46,20.91,Weekend,5777.010112948829
Commercial,26148.68140753989,15,33,13.98,Weekday,4240.2503310169495
Industrial,40422.957375321304,76,12,10.29,Weekend,4922.464658371608
Industrial,15850.56960540641,14,36,18.67,Weekend,4049.4800099092936
Industrial,30423.902528190825,23,28,23.38,Weekday,4186.375948105548
Industrial,18247.137498880416,68,14,21.53,Weekend,4425.497922275343
Industrial,50298.27307935249,98,30,24.87,Weekday,6441.1821036286565
Residential,19703.604239398755,7,36,31.06,Weekend,3934.8490603865152
Industrial,19534.558400855894,37,23,34.76,Weekend,3591.3073923543034
Commercial,23946.15820272884,26,49,15.85,Weekday,4490.233313060323
Residential,20293.385847125282,71,22,11.22,Weekday,4195.4305365242535
Residential,47143.51423139307,13,28,29.4,Weekday,4659.687589466652
Industrial,33781.67559604064,36,19,25.7,Weekend,5059.019895313439
Commercial,3880.860222195007,86,19,27.88,Weekend,3661.136628847518
Industrial,0.0,58,17,17.56,Weekend,3368.2250639929825
Industrial,14950.45035936143,47,12,17.29,Weekday,4364.235252898797
Commercial,6264.403761899069,60,47,29.42,Weekend,3712.2936239548053
Industrial,36788.801297856684,36,45,22.91,Weekday,4592.566619145792
Commercial,12156.137979116353,25,47,14.83,Weekday,3117.649545626719
Industrial,25029.924263681456,82,39,17.25,Weekday,4432.829715809242
Industrial,18688.453561203958,64,17,30.65,Weekday,3563.086732110715
Industrial,53104.16100770783,46,41,19.34,Weekday,5725.419435011566
Industrial,0.0,9,37,11.08,Weekend,3430.0284440928494
Commercial,26608.71622794143,96,27,29.12,Weekend,4966.4579179709135
Residential,0.0,13,29,17.8,Weekday,1328.7760204917354
Residential,42101.439926500876,5,47,13.18,Weekday,5391.541908475599
Industrial,32723.572577052895,21,47,20.15,Weekday,5788.411741840893
Residential,39379.79485567617,78,47,27.14,Weekday,5434.255071740569
Commercial,14111.71539560505,64,45,13.45,Weekday,4958.938684271251
Industrial,46734.03934102391,41,30,22.6,Weekday,5361.865985184042
Industrial,2000.3295444131318,87,33,19.31,Weekend,5058.755333655277
Commercial,15426.675237932113,16,21,34.73,Weekday,3522.0188914715845
Residential,41176.32310443399,41,8,18.18,Weekend,4457.53775109642
Commercial,30248.99528521722,71,40,29.61,Weekend,4516.069942099651
Residential,40884.64934177028,62,45,18.51,Weekday,5107.301386103953
Industrial,20149.358375617754,25,37,15.11,Weekend,4947.456406939008
Industrial,18933.863207606613,44,30,11.25,Weekend,4523.33147185227
Industrial,20644.867866127017,28,1,20.84,Weekday,4441.602015249662
Commercial,2159.660818297883,92,32,25.47,Weekday,3672.66516567496
Commercial,36603.28712713157,12,34,11.1,Weekday,4750.38057902035
Industrial,17900.37894707667,26,26,29.05,Weekend,4064.7535764209597
Commercial,20033.824809561032,10,43,26.04,Weekend,4592.976388163128
Industrial,46926.59920819548,47,12,33.71,Weekend,5162.6043102548265
Residential,0.0,58,3,22.79,Weekday,2521.8108982234025
Industrial,14998.93449966258,15,3,11.8,Weekend,3622.8178006488033
Commercial,11893.651848834526,41,40,12.19,Weekday,2962.365398135128
Industrial,6690.674414226364,65,11,13.97,Weekday,4182.988749257508
Commercial,31591.13522246945,66,46,15.58,Weekend,6203.528740254351
Commercial,24539.715623517826,4,1,12.19,Weekend,3209.4892811813183
Commercial,26468.967522143113,70,12,21.58,Weekend,4184.999893583661
Commercial,18078.85024599558,46,27,17.59,Weekday,4255.632777721064
Industrial,27056.89124745389,19,27,23.89,Weekend,3831.909940295931
Commercial,27106.639708538984,46,21,28.41,Weekend,4022.0260313100216
Industrial,41264.8234676493,13,49,15.09,Weekday,4801.988184357527
Commercial,7458.166120181963,27,28,12.39,Weekend,3156.2054474942424
Commercial,40668.244905690386,8,25,27.52,Weekend,4467.692494896758
Industrial,2193.665439708998,21,37,31.57,Weekday,3924.8637617119493
Industrial,35552.32992969119,84,3,32.04,Weekday,5662.318666183978
Residential,43836.29828132482,50,34,33.2,Weekday,4318.030152145091
Commercial,48050.57178055006,49,44,24.36,Weekday,5367.010020097411
Residential,26655.23807623813,50,23,23.8,Weekend,4306.615796415035
Commercial,25351.33152872017,37,38,33.06,Weekday,3865.21345416266
Residential,17718.80268651947,94,23,16.63,Weekend,4245.092366165238
Industrial,27570.785947191926,64,11,27.67,Weekday,4935.476393673249
Industrial,43849.73733159286,18,38,27.13,Weekend,5077.881547493531
Industrial,43022.49522745014,20,37,26.45,Weekend,6373.707460382757
Industrial,70547.6607353549,51,35,30.75,Weekday,5825.6002201520305
Industrial,36049.391875180234,60,19,31.74,Weekday,4534.450362001761
Residential,49465.13295256245,32,14,26.06,Weekend,4278.82319472988
Residential,33693.21848836175,79,18,20.41,Weekday,3607.7217368133633
Residential,29967.332441461564,3,11,32.92,Weekend,2964.6452050927583
Commercial,3676.881289838117,79,5,10.37,Weekend,2605.7148191921524
Commercial,14077.329302271874,83,31,10.63,Weekday,4374.0143934298285
Commercial,22388.260236587575,33,41,21.22,Weekend,4027.372161588612
Commercial,45420.93470791265,27,16,24.14,Weekend,5201.059555293335
Commercial,40342.176803142254,99,35,28.5,Weekend,5719.580521532232
Industrial,41226.8964280551,58,45,32.79,Weekend,5760.196516149273
Commercial,6615.221001153091,79,38,29.59,Weekday,3611.268883232945
Industrial,23762.280680728334,37,7,25.09,Weekend,4563.2968015126
Industrial,34641.948103172566,68,8,32.25,Weekday,4147.160234510104
Residential,49560.99843145911,16,38,28.7,Weekday,4248.443883741243
Commercial,19852.1844682921,68,41,20.88,Weekend,3586.2536914615885
Residential,27583.230505237654,24,22,32.87,Weekday,3500.2207471395373
Residential,50458.805785027405,55,45,15.4,Weekday,6068.972537436868
Residential,18998.396964554668,13,11,23.22,Weekday,2926.58052824144
Residential,13252.303318799097,77,37,25.66,Weekday,2556.049298606102
Residential,16815.8776075216,18,21,16.16,Weekend,2927.246613752519
Industrial,37212.0119553469,23,29,25.76,Weekday,5049.225071418909
Residential,47193.294570097896,9,3,19.52,Weekend,3521.1493218232104
Commercial,21282.504847160842,41,18,26.37,Weekend,3584.925152982681
Commercial,3535.722670991797,26,12,18.34,Weekend,2965.190294604268
Residential,12849.10240645404,80,35,20.16,Weekend,2988.4409813301154
Industrial,14390.984200146588,37,15,18.92,Weekend,3470.996954974179
Residential,23804.67471863106,21,39,12.37,Weekday,3730.819119160482
Industrial,45508.38575374673,49,28,11.94,Weekday,5534.920706883459
Industrial,23735.94754607466,62,32,34.54,Weekday,4497.433965284706
Residential,18135.09491910619,91,14,25.79,Weekday,3357.4277055082507
Industrial,14190.71082121868,49,13,18.44,Weekday,4255.300774235352
Commercial,22491.06963200267,41,13,13.43,Weekday,3698.2236946976122
Commercial,8922.252518218673,79,28,13.9,Weekday,4260.3120799028575
Industrial,39238.143670409074,91,23,29.54,Weekend,5746.554554138108
Residential,45148.22157784575,17,49,29.5,Weekday,4654.358176500144
Industrial,22649.38303745621,77,38,30.67,Weekday,5476.239195645779
Residential,31470.46025251582,50,35,11.13,Weekday,5050.284576476194
Commercial,38350.218823691306,21,30,24.39,Weekend,5011.718795908899
Residential,42549.11891392292,93,6,32.04,Weekday,4585.821703869367
Commercial,40058.74218236225,35,40,32.11,Weekday,4782.091172284198
Commercial,27822.76831428439,99,6,23.09,Weekend,4305.86599232846
Residential,16564.21062180733,42,23,25.92,Weekend,3911.20416817759
Industrial,13953.943751828454,50,29,18.54,Weekend,4592.71474473712
Commercial,2009.2283216038395,72,24,14.25,Weekend,3301.882472288785
Commercial,38126.029390276744,14,39,14.13,Weekend,5254.634116790607
Commercial,16971.108421140474,7,44,32.44,Weekend,3560.922938549985
Commercial,44607.58981527713,41,21,15.87,Weekday,5025.84085613433
Industrial,10944.988032761134,24,34,28.34,Weekday,3085.4832479742063
Industrial,29813.39675436939,35,38,20.76,Weekend,4580.295998705121
Residential,11956.547956799346,90,12,20.83,Weekday,3749.8869015614673
Residential,35677.06763025246,45,20,20.29,Weekday,4415.746764619238
Commercial,9915.886849906063,94,25,20.37,Weekend,3231.73493043177
Commercial,27239.66790419725,48,7,33.17,Weekend,4194.60276912775
Commercial,19160.177498295154,39,18,16.16,Weekday,3965.954461123138
Residential,30878.65361351552,58,3,12.25,Weekend,4240.013449228553
Residential,22439.07848211059,28,21,25.4,Weekday,3814.5541462361775
Residential,18527.758648578874,75,45,17.0,Weekend,3852.72017002738
Industrial,8572.293503366429,57,39,21.27,Weekday,3986.7068883652664
Commercial,4462.344410734966,25,11,27.42,Weekday,3493.7958032567185
Residential,45219.69750600931,3,25,10.42,Weekend,4137.035861701382
Residential,19752.723616851275,70,3,24.76,Weekday,2456.299755780512
Commercial,35963.26317829822,22,26,15.34,Weekday,4536.053223819827
Industrial,18310.758387682537,55,15,29.27,Weekend,4316.603591779824
Residential,31273.69713788785,21,30,18.62,Weekday,4539.423868830515
Residential,25440.12888102274,91,31,21.16,Weekend,4549.691166551473
Residential,46026.802548735744,92,4,18.9,Weekend,4407.559274442631
Industrial,5795.645813652979,68,36,31.82,Weekday,4335.934049051677
Industrial,9211.962044516531,52,5,18.39,Weekend,3787.2307959241048
Residential,32155.592384865293,14,37,22.23,Weekday,3122.5273146909017
Residential,466.310679544089,91,8,25.03,Weekday,3104.4484407076284
Industrial,57396.994462899536,72,8,25.75,Weekend,5710.286174710264
Commercial,20243.485297594125,89,31,33.73,Weekend,4561.278879317654
Commercial,0.0,47,43,21.1,Weekend,3865.7599016924437
Industrial,4647.157337016544,69,41,12.68,Weekday,3649.949049559288
Commercial,49135.77864189909,34,17,16.6,Weekday,4802.240226729298
Residential,29798.239783922876,82,28,13.04,Weekday,4345.164660092898
Commercial,35867.80792048346,24,16,17.95,Weekday,4438.433023615023
Commercial,21843.61245515905,98,40,25.77,Weekday,5338.868314977901
Industrial,19162.298332270944,93,30,20.4,Weekday,5191.868475188987
Industrial,33191.12150880123,87,42,30.03,Weekday,6225.681849938158
Residential,44478.84097750134,75,24,10.17,Weekday,4686.3559632269325
Commercial,47577.98641082284,19,43,15.6,Weekday,5785.281528777908
Commercial,46372.54236948755,48,20,14.3,Weekend,5097.898031914496
Industrial,17554.494400061187,46,29,28.51,Weekday,4405.366481455056
Commercial,32018.956561727853,92,49,27.39,Weekend,5468.401223792117
Residential,41360.16675361358,1,16,10.14,Weekend,3817.434482381847
Residential,0.0,90,49,11.14,Weekend,3588.519978884628
Commercial,588.7668909265194,22,34,25.98,Weekend,3850.8343782016555
Commercial,21654.36810392069,60,9,28.7,Weekend,3698.237955386957
Commercial,43852.34031884028,15,28,15.33,Weekend,5316.983851715615
Industrial,44488.858570084914,47,1,17.61,Weekend,4420.0106723305935
Residential,20160.716307058083,44,18,18.87,Weekday,3172.6455774987217
Commercial,51884.42720072318,49,12,30.18,Weekend,5493.132500676174
Commercial,12621.401972486496,49,12,25.27,Weekday,4118.316757305286
Residential,8107.394146133983,9,22,12.1,Weekday,2423.0596869065866
Industrial,21784.515485451466,75,10,13.13,Weekend,5119.169198722548
Industrial,19316.52806641315,69,25,29.33,Weekday,5023.132315405863
Residential,32832.048386143724,35,43,16.24,Weekend,3693.6255640220597
Industrial,26043.63102154176,66,19,23.56,Weekday,4217.203193767612
Residential,37447.80580643621,39,45,26.93,Weekend,5087.284350619816
Residential,3959.2717878688154,45,12,34.26,Weekday,1983.90987708166
Residential,24952.369806908788,95,9,24.24,Weekend,3629.0264772961746
Commercial,0.0,70,8,34.79,Weekend,2579.814219527075
Commercial,430.7998752127942,1,28,30.59,Weekend,2576.9843998712627
Residential,33835.11748203971,52,32,13.34,Weekday,3952.683729500627
Residential,22698.600167124747,15,36,14.78,Weekday,4131.03699134258
Residential,48955.84941588499,36,46,31.53,Weekend,4962.289833468482
Industrial,13585.909137441602,95,45,23.87,Weekend,5359.7929428257885
Commercial,48344.43658388795,23,12,14.2,Weekend,4109.304295823276
Residential,55371.28104534988,51,22,24.03,Weekday,4696.350101430924
Commercial,3087.804606868278,45,26,20.98,Weekend,3462.8085535365058
Industrial,9353.953068732091,76,41,29.41,Weekday,4829.077546286831
Commercial,16516.775969987564,43,4,28.28,Weekday,3186.444332134727
Residential,2576.537997561083,45,28,28.96,Weekday,3511.6362461203817
Commercial,941.1787971104659,16,9,30.84,Weekend,3063.2237267340442
Industrial,28206.498578067003,59,3,12.89,Weekend,3295.372633486694
Residential,31844.702456095707,85,7,17.39,Weekend,3593.0778613908947
Commercial,25484.049379948534,58,19,26.56,Weekday,3311.3336182586677
Commercial,7583.216589795975,11,4,22.11,Weekday,3347.5381959993742
Industrial,0.0,11,8,23.83,Weekend,2631.125876926746
Commercial,24771.237956154833,89,23,15.01,Weekday,5390.867384102654
Residential,34141.144739175215,25,30,27.82,Weekend,3196.716114991506
Commercial,24509.280222803758,53,29,11.12,Weekday,3773.4856208063775
Residential,542.219021116673,44,9,21.22,Weekday,1988.3323591360227
Residential,15343.894487904774,21,29,24.97,Weekend,3062.808202715226
Commercial,21773.685923810397,9,18,19.56,Weekday,2320.954975154793
Residential,27448.04777400586,32,2,15.25,Weekend,2903.8696196150427
Residential,12692.668510744143,38,9,22.75,Weekday,2391.5140042569965
Commercial,46415.029526435996,12,46,22.81,Weekday,5746.807672108655
Commercial,40690.63638278861,19,33,11.34,Weekend,5419.892159247565
Industrial,43613.45974932476,90,34,27.26,Weekend,6483.595870794872
Industrial,40353.35186417334,8,38,18.84,Weekend,5069.614781956796
Commercial,47017.83576420333,81,5,24.47,Weekday,5267.541241718945
Industrial,6780.807777645019,74,8,27.33,Weekday,3817.5816433316973
Industrial,35904.218323011395,57,18,29.65,Weekday,4778.652541741818
Commercial,12741.712646170983,36,17,20.37,Weekend,3537.0348845619715
Residential,21913.300111757322,89,48,30.51,Weekday,3392.2159398000485
Residential,47143.28111984704,91,40,27.6,Weekday,4685.05227528803
Commercial,39750.65986623093,57,47,28.74,Weekend,5803.483051897086
Commercial,12855.468572467493,20,42,25.28,Weekend,4765.885261724593
Commercial,9388.387579192804,97,46,15.79,Weekday,4889.940370789359
Commercial,11386.281125716245,25,8,26.63,Weekend,3306.0119119804212
Residential,37720.414080810515,99,27,31.43,Weekend,4547.4459490532845
Commercial,33490.22024585926,49,19,31.45,Weekend,3945.9190427544845
Industrial,0.0,12,19,27.05,Weekday,3314.6364962093085
Residential,44209.789707701326,42,46,17.82,Weekend,5391.136323291867
Commercial,4581.5171974135155,52,39,28.23,Weekend,3425.5501389416227
Residential,18767.763700609168,29,21,29.94,Weekend,3663.2645182997
Residential,3640.6621652685853,28,22,28.11,Weekday,3069.8396666921194
Commercial,21023.464523185638,86,32,30.61,Weekday,4235.8111168204505
Residential,13057.32383118078,61,11,33.75,Weekday,2150.779214509943
Industrial,0.0,30,9,24.72,Weekday,2606.9844620888102
Industrial,20756.87021937052,23,35,19.8,Weekend,4346.507869269604
Commercial,4378.247413873419,50,5,10.33,Weekday,2287.474857574126
Residential,37473.91190967253,57,7,16.94,Weekday,3344.164525148885
Commercial,28197.591415096467,33,42,34.22,Weekend,3706.309101053178
Industrial,2466.1093183424805,46,46,13.74,Weekend,3843.6468774254263
Residential,7425.420961001566,81,48,13.6,Weekday,3151.5262988360446
Commercial,20299.860839241945,17,11,11.75,Weekday,3646.3753012598936
Residential,3082.3489371228966,98,2,15.1,Weekday,3249.9861566364966
Industrial,44512.05905056072,98,11,12.3,Weekday,6110.585140557747
Commercial,40123.23560441121,99,11,30.78,Weekend,5531.520822443606
Industrial,22053.66362215883,38,13,28.33,Weekend,4526.137070685752
Residential,5545.790337714079,61,26,30.51,Weekday,2941.0416261314185
Residential,40490.40455623423,84,15,27.44,Weekday,4203.657372698755
Industrial,57486.99746246098,24,32,24.99,Weekday,5589.699957837294
Residential,49591.90342397308,58,38,28.79,Weekday,5506.328937783375
Residential,44906.35491283432,12,10,32.88,Weekend,3382.7919164315617
Residential,21387.9285307136,82,29,20.36,Weekday,3240.078454834416
Residential,53680.615842491825,88,33,11.53,Weekday,5541.86721515976
Commercial,16039.209985710932,33,28,10.16,Weekend,2824.711491891654
Industrial,28158.685441352685,7,34,28.05,Weekday,3839.2694598394355
Industrial,40548.10889108779,74,5,31.83,Weekday,5228.104056115604
Commercial,0.0,74,38,15.66,Weekend,3454.5684190604884
Commercial,11588.627073472788,21,8,26.77,Weekday,2721.0611248732707
Residential,42702.45868879465,78,33,19.33,Weekday,5110.84494748921
Residential,51924.17875521251,77,9,17.72,Weekend,4870.319845412583
Residential,47494.907396687384,99,41,17.6,Weekday,5272.5068320792325
Commercial,46707.36546754668,76,38,32.07,Weekday,6026.941392650229
Residential,7452.758990463872,25,4,28.84,Weekend,1131.742483746096
Industrial,8443.17439821517,35,20,33.18,Weekday,4536.736828545925
Industrial,19691.453062866858,25,49,15.38,Weekend,4041.5743702987306
Commercial,21481.896364768614,23,23,30.0,Weekend,4610.747810496293
Industrial,17925.59855068613,84,45,14.96,Weekend,4660.103156773103
Residential,16402.15011319533,25,43,24.55,Weekend,3575.733418825259
Industrial,0.0,14,40,12.59,Weekend,3528.700430658249
Industrial,44870.02801119576,4,44,16.78,Weekend,5435.242702161801
Commercial,25405.682466946673,80,10,15.5,Weekday,3913.001083494218
Commercial,19472.363779167757,36,13,15.51,Weekday,3041.7915358227206
Residential,21768.32359769902,70,44,27.56,Weekday,4363.700868684999
Industrial,31607.405519015963,16,20,23.97,Weekday,4889.018715707604
Industrial,0.0,20,46,12.33,Weekday,4482.101944951824
Commercial,36610.34589299222,43,14,31.26,Weekday,4085.6222130258107
Residential,43501.001115961124,34,29,24.16,Weekday,4544.360194541212
Residential,24469.841846582392,14,1,12.8,Weekend,3667.152143704392
Residential,35800.21999738121,42,38,25.04,Weekday,3400.7553190950066
Commercial,18848.06179180545,5,19,20.65,Weekday,2360.7964567215286
Industrial,29613.514190689697,89,6,23.69,Weekend,4832.3136778201615
Commercial,45867.93638782732,36,2,13.93,Weekend,4071.378438922539
Residential,22837.339065665863,19,25,14.33,Weekday,2344.895165116926
Residential,14606.744880989658,17,42,33.72,Weekend,3415.9243761750827
Commercial,24909.061309011246,5,34,19.77,Weekday,3547.519300888034
Commercial,36509.48895885325,18,24,12.93,Weekend,4140.948467946855
Commercial,4377.499853102384,30,2,29.63,Weekday,2401.1751508189222
Commercial,7199.495249485249,81,2,15.38,Weekend,1658.7417427298924
Residential,21841.05253113109,29,7,21.54,Weekday,2792.2392884651035
Commercial,46844.235190636115,82,26,17.62,Weekend,5365.549474808986
Residential,19961.827622222732,78,4,33.5,Weekday,3317.5167085860094
Industrial,25576.231540121546,56,41,34.55,Weekday,5892.830446195404
Industrial,29888.589642040854,68,4,24.59,Weekend,4001.7571820436738
Commercial,15343.961795631429,24,42,15.79,Weekend,4372.2553669336485
Industrial,46133.358712899164,87,22,34.18,Weekend,5253.228078769102
Commercial,26624.50821618013,44,14,11.38,Weekend,3430.966549964188
Residential,41039.7486393775,82,13,32.62,Weekend,3545.6159187799044
Residential,17646.455058983574,94,8,17.91,Weekend,2413.7069447110594
Commercial,13662.915888241436,71,17,16.99,Weekend,3933.886898091963
Industrial,36180.178501320304,47,29,33.37,Weekend,4392.472940603468
Residential,39058.57941559277,42,15,31.27,Weekend,3995.753813567502
Residential,17174.972974086697,29,33,23.73,Weekend,3726.094263981183
Industrial,17630.164966717493,10,13,20.89,Weekend,3555.8785354072265
Residential,13423.862165689308,98,36,29.52,Weekend,4655.262626536963
Industrial,35681.16974163402,47,13,25.41,Weekend,4647.824504660705
Commercial,23174.96572356376,70,20,11.89,Weekday,4873.757077439855
Commercial,14613.738220182771,65,5,34.67,Weekend,3704.2362649651586
Industrial,19605.820305464033,17,6,29.31,Weekday,3093.6934461970072
Industrial,11176.273047639273,7,32,15.67,Weekday,4362.476054249621
Residential,49318.352618118166,22,18,11.87,Weekday,3932.549613261511
Industrial,29833.53345178229,32,43,12.86,Weekday,5639.383612726652
Commercial,44553.26794220037,5,20,29.6,Weekday,4935.084770428834
Commercial,33422.75788327329,3,6,11.91,Weekend,3376.8938759967714
Commercial,28416.24695783729,26,9,10.52,Weekday,4759.968916329475
Industrial,30950.283232083268,80,8,24.3,Weekend,3790.2206093885106
Commercial,11214.006418048908,60,39,25.63,Weekend,3674.812762962244
Industrial,37763.31350094738,89,17,34.04,Weekday,5125.4584967596775
Residential,43959.67006185098,3,36,22.96,Weekday,4549.291296637332
Industrial,0.0,28,48,24.41,Weekday,3251.713229746622
Commercial,35471.26541710656,92,43,23.58,Weekend,5511.8529076599325
Commercial,20900.388652379366,6,29,21.36,Weekend,3672.7484058394143
Industrial,49473.80117324685,3,18,25.95,Weekend,4881.935716266403
Commercial,47326.02201041368,86,46,12.07,Weekday,5908.088298486799
Residential,19382.927787199147,87,36,19.67,Weekday,4129.351368040845
Commercial,48447.06693360634,60,42,18.31,Weekday,5405.60329534145
Residential,44227.53255510709,35,38,29.66,Weekend,5701.261104354938
Commercial,38179.32607640653,66,47,12.96,Weekday,5429.744226574196
Residential,35833.764898423135,34,35,19.28,Weekend,3154.574413123808
Commercial,31601.630552188875,38,15,18.72,Weekend,3634.166231089762
Residential,53708.13478058996,19,25,10.29,Weekend,3943.3153496999757
Industrial,35825.93915337748,44,38,14.79,Weekday,6009.243623472079
Industrial,27732.551788597193,86,13,13.96,Weekday,5425.15118323815
Commercial,43259.49327813086,72,47,20.95,Weekday,6034.585740096933
Commercial,0.0,21,9,29.51,Weekend,2366.223939319136
Commercial,50328.16252717779,70,7,25.71,Weekday,4978.975444186577
Residential,40330.977487521435,99,38,31.79,Weekend,5325.482319743233
Residential,38703.243127627225,85,29,11.31,Weekend,4024.1496032252285
Commercial,54555.1198585431,49,41,29.52,Weekend,5824.162423786295
Industrial,42353.89425793681,99,36,21.27,Weekend,6358.448607912162
Industrial,53596.55783857484,1,8,32.46,Weekday,5168.6128269172295
Industrial,5867.19131383453,79,49,10.39,Weekend,5247.670184993442
Industrial,56072.72335600009,47,7,25.25,Weekday,5397.267756710736
Residential,17312.415409564594,78,36,10.33,Weekend,4124.810389233596
Commercial,3742.8944445953075,85,27,15.09,Weekend,3691.1629174758823
Residential,13899.617633041198,75,27,24.06,Weekday,4510.867778212676
Residential,39551.06706160725,89,29,18.3,Weekday,4470.326780315085
Industrial,20106.386667068156,86,44,30.86,Weekend,5087.425921638882
Industrial,32616.905697881062,69,5,10.24,Weekday,4388.863745119183
Commercial,38358.92787759829,28,34,23.64,Weekend,5011.622448358816
Commercial,40167.359006012135,5,1,10.13,Weekend,3595.7793665590384
Commercial,0.0,72,18,26.98,Weekend,3396.6005050427157
Industrial,24971.39266055752,55,45,14.99,Weekday,5055.149896258764
Residential,0.0,72,23,20.14,Weekend,3136.8183248888135
Residential,0.0,32,49,12.3,Weekend,2585.240858154989
Industrial,46640.538724221406,36,28,29.67,Weekend,5304.958174588458
Residential,59480.580096837344,60,22,15.42,Weekday,5121.195164379144
Industrial,46980.11362680267,1,28,19.15,Weekday,5800.564356082036
Residential,34886.669265889315,35,4,13.99,Weekday,3663.742210046368
Residential,37168.52000235879,59,25,23.69,Weekday,4574.416459662015
Residential,11098.197839407792,18,26,34.47,Weekday,2746.033285235093
Commercial,31314.306778459526,61,41,34.63,Weekend,5091.871022272342
Residential,32129.966178112263,89,43,13.9,Weekend,4386.270618037095
Commercial,43299.90890088579,23,26,33.56,Weekend,5215.399339728262
Commercial,19052.805222863626,79,30,26.73,Weekend,3123.3317728433212
Residential,20207.32481689803,16,25,29.13,Weekend,2948.9791425077133
Residential,37628.34551023794,31,41,32.35,Weekday,4161.476822193426
Residential,28621.073271404803,13,45,26.11,Weekend,4076.1002506763207
Residential,42731.77328731438,61,1,24.54,Weekday,5074.41645435819
Commercial,50960.720692489136,71,27,28.08,Weekend,5460.60373614411
Residential,1984.7406716550304,13,4,20.76,Weekday,2222.4551217929416
Commercial,34457.02672981288,67,24,21.48,Weekend,5548.984066171758
Industrial,30643.612430760288,55,29,18.34,Weekend,4972.258980380239
Residential,45643.80376040598,64,47,14.73,Weekend,4872.774210159149
Residential,58855.70885003391,66,8,10.16,Weekday,5441.272927181511
Residential,48109.76643432048,42,49,25.31,Weekend,5208.735443387457
Commercial,17629.02185286201,61,47,33.38,Weekend,4415.312596349645
Residential,46765.50961977553,35,42,17.84,Weekday,4069.3959420061806
Commercial,20044.442424383058,48,36,19.41,Weekday,3394.685597835242
Commercial,26409.294808352643,13,19,24.92,Weekday,3571.9738154953966
Residential,26516.899397910023,77,26,24.09,Weekend,3469.208936136096
Residential,48937.80384127166,82,35,30.7,Weekend,4996.180675454556
Residential,33719.421267333106,85,27,32.39,Weekend,3994.8876244697485
Commercial,10804.480407123829,75,23,16.83,Weekend,3540.1594195175294
Industrial,43612.15252863154,85,36,17.99,Weekday,6003.193101024184
Industrial,21195.03080849523,30,25,22.66,Weekday,4293.2756284540565
Residential,20878.558859632896,5,25,26.29,Weekend,2720.402690340451
Industrial,24771.087502249487,43,21,26.86,Weekday,4467.859403761232
Industrial,22547.214625025383,13,6,29.32,Weekend,4597.485690682048
Industrial,22808.874859586747,85,19,28.85,Weekday,4281.383762835999
Residential,38155.889614950574,21,15,28.71,Weekday,3688.460688233001
Residential,35573.89519507861,74,19,24.55,Weekend,4731.704280544936
Commercial,3002.711257275908,61,49,12.65,Weekend,3838.534380948965
Commercial,4319.456083862728,15,13,11.71,Weekend,2348.16394610521
Commercial,25223.16158271906,54,6,19.05,Weekday,2917.2601623881155
Commercial,42215.00140972113,65,29,27.67,Weekday,4680.64882644906
Commercial,45280.78745897696,48,20,22.94,Weekend,5224.667669760203
Commercial,28954.334886817767,39,41,15.33,Weekend,4332.429560793641
Commercial,38085.509779015396,32,42,11.26,Weekday,3818.673641893467
Residential,16594.091120322933,72,10,33.34,Weekday,3458.9202944059766
Commercial,45214.4599342172,89,37,26.33,Weekend,6591.8728867438
Industrial,35778.062197767795,88,46,10.79,Weekend,6165.7473420596525
Residential,44656.80347656992,17,14,21.58,Weekend,3351.1796359600294
Commercial,45056.65457572455,98,43,33.1,Weekday,6091.851714416614
Industrial,11212.378497994461,16,45,19.1,Weekend,3674.4001801457352
Commercial,31762.659031810483,26,35,21.64,Weekday,5363.340029684755
Commercial,4666.9763824182355,50,46,26.35,Weekday,3864.7468193221493
Residential,34976.63919689467,19,35,28.29,Weekday,3948.3207677494406
Industrial,12458.511419916354,63,45,10.2,Weekday,4133.716437530599
Residential,14561.40821760232,62,21,18.76,Weekend,3426.271402088014
Residential,0.0,17,40,20.5,Weekday,2454.376963247558
Industrial,23944.185497193725,79,45,22.39,Weekday,5411.992439296613
Industrial,6537.616642579647,3,47,10.74,Weekend,4300.696130702127
Industrial,32056.222490223554,99,38,34.99,Weekend,5736.888969557977
Industrial,35210.56143881831,41,36,31.89,Weekday,5570.177031740144
Commercial,11684.92928189834,92,8,33.62,Weekend,4342.535284915218
Commercial,20057.3581943274,99,41,11.55,Weekend,4727.395658918364
Commercial,11908.861269222449,78,30,29.41,Weekend,3888.0282801802045
Industrial,54015.07358784602,82,6,21.1,Weekend,4971.764455486
Commercial,29526.15094868381,40,48,23.38,Weekend,4762.034418348945
Residential,30548.83294286988,70,47,10.4,Weekday,4708.502367343481
Industrial,20944.42915204775,1,13,26.45,Weekday,4192.710601709401
Residential,40910.26437665188,33,41,30.12,Weekday,4787.016893892665
Residential,7009.529915871465,3,17,21.0,Weekend,2248.0923955176527
Industrial,19860.081946806466,24,21,29.31,Weekend,4652.59215295361
Commercial,19746.5688074493,34,27,29.2,Weekend,3690.2974118861466
Residential,38403.64856275093,68,20,30.71,Weekday,4528.88624553098
Commercial,36950.8800980128,60,5,15.03,Weekend,3769.176881861907
Industrial,14381.335502402948,28,19,24.15,Weekend,4060.467756305373
Residential,46772.06571472961,12,44,10.73,Weekday,3792.088470096167
Commercial,7733.150338366324,15,34,21.32,Weekday,2639.914701401989
Industrial,27480.974788201664,69,29,11.85,Weekday,4088.491765600657
Residential,20056.091585917846,14,23,26.61,Weekend,3761.291744618907
Commercial,5179.558769247857,60,27,34.94,Weekday,3880.988502108889
Commercial,33825.21305091733,49,49,22.92,Weekday,4463.966782123873
Commercial,3362.2811337095704,4,20,22.82,Weekday,2513.4074039003235
Industrial,19016.195522578666,58,32,28.94,Weekday,4375.386307168599
Industrial,14802.196569582387,74,12,12.58,Weekend,4128.741068322636
Industrial,3850.2935404648492,36,6,14.81,Weekend,3212.160959602824
Commercial,15703.375857879064,44,33,23.53,Weekday,4266.943993424417
Industrial,15906.930448500872,8,13,26.21,Weekday,3428.008915721603
Commercial,32694.10406467343,71,40,30.41,Weekend,5773.886651760163
Commercial,27482.31007835285,67,23,30.46,Weekday,5700.687045127451
Residential,46459.34905843596,7,12,18.49,Weekday,4171.485878295854
Residential,35460.90914876439,94,34,27.86,Weekday,4396.649730201465
Residential,22288.542390553823,38,24,19.24,Weekday,2999.60838140492
Commercial,19563.14718195799,52,1,27.67,Weekend,3435.2010455282
Commercial,35314.220766628,39,41,33.57,Weekend,5165.150985531838
Industrial,13489.284590937095,59,13,21.37,Weekend,3953.451789076235
Residential,33229.81710715568,32,43,27.22,Weekday,4337.220686487222
Residential,20181.46948289828,36,13,19.89,Weekend,2491.776733433518
Commercial,34901.84868904187,84,26,16.19,Weekend,5281.710926236948
Residential,10874.484362737463,26,19,33.73,Weekday,1989.4981999744057
Residential,36479.581396296424,39,17,34.43,Weekend,3442.8760164214114
Industrial,27800.69661202916,9,22,21.98,Weekday,4158.915897457081
Commercial,51250.46491346962,1,27,20.26,Weekday,4910.7292411086155
Industrial,16491.447936454668,73,40,15.37,Weekend,5652.275763746678
Industrial,21119.16090190963,99,29,12.46,Weekend,4095.643953893788
Industrial,16519.793597963628,19,27,12.28,Weekend,3092.596701426173
Industrial,30229.39612618974,57,21,31.59,Weekend,4552.24981903734
Industrial,27187.07279211143,98,17,11.14,Weekday,5073.4992559445855
Commercial,37932.82146394127,52,4,26.35,Weekend,4264.938452046264
Industrial,6561.236427045333,11,26,18.42,Weekend,3916.876336760559
Commercial,43343.501170827265,53,11,31.31,Weekend,5660.355968800508
Residential,17164.029717996138,16,23,34.38,Weekday,2379.913877742897
Residential,36733.91234051085,62,39,15.16,Weekend,4648.546567329826
Residential,10771.211509681696,6,9,30.23,Weekday,1669.1763798660345
Commercial,46959.86809707623,28,38,23.08,Weekday,5449.107523823582
Residential,34654.78979053809,32,34,11.75,Weekday,4672.209999220467
Residential,58861.53253187403,29,15,20.88,Weekday,4785.8360340513855
Commercial,22654.999316235095,7,34,14.73,Weekend,3735.2714594698436
Commercial,14987.747919467634,48,17,23.29,Weekday,3149.971876010847
Residential,55386.223294932584,15,28,11.5,Weekday,3914.8925336143075
Industrial,0.0,84,14,31.84,Weekday,2637.407919964796
Industrial,22010.26052418827,7,17,19.39,Weekday,3326.9113324549367
Commercial,16053.920668802248,62,21,16.37,Weekend,3432.6174809379477
Commercial,53430.53332924711,4,21,11.07,Weekday,4480.966092927571
Commercial,43671.31137926434,60,18,21.25,Weekend,4518.528422094865
Industrial,26751.04958721435,85,31,23.93,Weekend,5023.785314623441
Industrial,44796.70892551699,51,22,34.91,Weekend,5350.405499426812
Residential,21493.711553853118,56,49,12.86,Weekend,2729.4020025379878
Residential,13711.037944848127,83,20,29.5,Weekend,4010.8567571884764
Residential,20968.412123355978,25,36,19.48,Weekday,2422.8055038900166
Industrial,15895.687480749606,92,6,18.96,Weekday,4510.947332341891
Industrial,3417.116800995939,97,45,34.58,Weekday,3763.5485606336815
Industrial,47601.03948231585,92,7,32.82,Weekend,6190.031879279258
Commercial,35356.75245472861,17,42,28.54,Weekday,4783.138845341943
Industrial,19757.318012330958,50,6,33.53,Weekend,3628.0741174568734
Industrial,45518.36879163356,68,38,18.13,Weekday,6047.8571407574145
Residential,52142.040513653956,14,20,27.93,Weekday,4981.480260632117
Residential,6179.322474867215,36,49,16.09,Weekend,2841.9835041632364
Industrial,13375.669592409438,71,47,19.75,Weekday,4558.953571790887
Residential,29921.713852965622,93,17,13.31,Weekday,4829.978362151531
Commercial,3863.4453078785464,96,28,30.73,Weekend,2667.3831972551484
Commercial,1386.0181930350718,61,47,26.75,Weekend,3950.83521680763
Residential,16769.48631281877,65,5,28.73,Weekday,2923.630778430265
Residential,37772.77700930622,52,19,31.72,Weekend,4117.635445720002
Commercial,6096.92124488147,52,28,19.62,Weekday,2690.3019640219254
Industrial,37074.0825977962,7,41,10.05,Weekday,4855.119804641361
Industrial,28524.61487913689,1,21,19.77,Weekday,4256.254038899292
Residential,34338.9758040813,13,9,12.69,Weekend,3064.6880753480364
Industrial,48567.27155686729,8,22,34.4,Weekend,5184.8671724087435
Commercial,56697.563946766466,26,1,29.63,Weekday,4409.73186193249
Residential,8937.494308453912,75,36,33.11,Weekend,3289.626622359784
Commercial,37899.57273968262,33,20,16.2,Weekday,4136.6451323991505
Industrial,49708.74349167273,19,39,11.26,Weekend,6269.520885444489
Commercial,37051.7745053106,46,31,27.09,Weekend,4716.116071998901
Industrial,22642.24786222416,56,8,21.32,Weekday,4720.0733662527155
Residential,3621.979201324667,33,17,17.03,Weekday,2960.886754729429
Residential,38292.42279744498,65,23,10.2,Weekday,5199.830538886863
Residential,19160.29236868734,2,9,32.68,Weekday,2703.097540253283
Commercial,11210.60016656572,73,13,17.02,Weekend,2258.0236885841214
Commercial,3342.289542860347,54,40,10.49,Weekday,4501.872537400992
Residential,24117.283578807685,2,49,24.59,Weekend,3914.3513304546045
Residential,40724.57491424495,39,11,33.49,Weekday,5219.7133274086555
Industrial,4629.655902510434,91,8,26.94,Weekday,4855.743841627365
Industrial,31192.25120914024,45,25,33.47,Weekday,5321.269528502925
Industrial,18083.842113971736,69,40,19.94,Weekday,5027.2970228746835
Residential,12324.585524723581,40,44,21.16,Weekend,3706.6388420155117
Commercial,34898.15130826252,64,29,15.46,Weekend,5306.083782728095
Industrial,29945.14957968823,98,6,29.74,Weekday,5303.411014925496
Commercial,29819.287722998837,86,10,22.42,Weekday,4288.81751178442
Residential,4752.530008229043,86,14,20.59,Weekend,2668.079226341076
Commercial,27750.687190450328,93,9,19.04,Weekend,4677.863595051586
Commercial,20231.891276875547,21,28,25.14,Weekday,4008.2621023872334
Residential,26109.366383643344,37,11,23.25,Weekend,2781.365344090813
Industrial,43182.81974503444,83,45,11.05,Weekend,5845.566474367703
Industrial,9805.805500134382,26,48,32.4,Weekday,4377.528439309795
Residential,29522.109186551435,40,13,29.55,Weekend,3969.483246129874
Residential,4615.210717121662,76,9,23.05,Weekend,3584.7382894842467
Residential,35652.087640838276,48,26,33.54,Weekday,4475.360037783665
Commercial,0.0,92,41,13.26,Weekend,4241.2498158054605
Residential,14372.624260609271,44,39,34.91,Weekend,2872.628196389246
Residential,41036.94754795901,3,15,10.22,Weekend,2583.2512572781366
Residential,33043.154175257325,31,15,11.19,Weekend,3296.5015080910985
Commercial,6831.947619129018,49,26,16.35,Weekday,3710.0313072009117
Commercial,42963.24746863435,6,26,17.8,Weekday,3996.3124891391944
Industrial,35573.89947971474,21,16,23.73,Weekday,4256.211344586087
Residential,48258.87089035657,85,22,19.9,Weekday,5332.792272970339
Industrial,44955.78774633868,92,43,16.56,Weekday,6427.768598720263
Residential,44859.322477046924,2,15,27.49,Weekend,3986.1321936943164
Industrial,16965.28101854948,23,49,21.63,Weekend,4250.808413797549
Residential,40242.43286670431,39,39,13.3,Weekday,4707.345762220008
Industrial,42434.81307500045,60,27,17.31,Weekday,5187.34796805459
Residential,35936.5548814438,32,32,28.7,Weekend,5106.468174078629
Industrial,30471.92062242364,92,3,13.61,Weekend,4697.225885251663
Commercial,33138.63227719765,92,8,27.03,Weekday,4856.043649023038
Industrial,28905.267886155136,21,17,15.18,Weekday,4756.174271958389
Commercial,38247.02544352654,8,49,20.38,Weekday,5081.527823495551
Commercial,25967.746117841438,95,9,17.83,Weekday,4756.815506732315
Residential,33068.86302102011,63,12,22.54,Weekend,3814.0127248890917
Residential,0.0,4,43,23.99,Weekday,2504.1269374189064
Industrial,14058.203574013165,2,47,11.93,Weekend,4029.111762847699
Commercial,23775.48345832316,93,38,33.96,Weekday,4144.8843066297695
Commercial,8232.568095979692,21,25,22.54,Weekday,2992.6105286684983
Industrial,42586.33668622747,9,15,34.61,Weekday,4857.1857371852675
Commercial,2101.4147490610667,31,15,33.79,Weekday,3093.6157031348052
Industrial,1712.947437636802,80,7,29.86,Weekend,3425.668350784267
Commercial,37244.896178551004,10,19,21.96,Weekday,3868.456944868892
Industrial,30807.841470756255,70,48,17.14,Weekend,5213.952807369654
Commercial,46152.28748878883,87,20,32.78,Weekday,5094.88600911928
Industrial,29340.048712120028,86,33,18.76,Weekend,5147.3230168593
Industrial,51570.60165710349,68,11,29.85,Weekend,5778.829449468438
Residential,12658.820428500276,54,48,14.77,Weekday,3568.5452338613377
Commercial,28787.321764278215,30,11,18.62,Weekend,4369.486635144486
Commercial,34297.759608743974,25,22,19.14,Weekday,4118.749530629033
Residential,10942.396946658342,80,49,22.83,Weekday,4190.914991721957
Residential,14260.713425567177,66,1,20.77,Weekend,1895.7201637636035
Industrial,50307.81138545916,20,37,33.31,Weekend,5547.030827289291
Commercial,8354.91792149383,98,45,18.19,Weekday,4148.066626872942
Industrial,17169.050456195815,17,2,31.5,Weekend,3029.7322309965734
Residential,49469.608312764314,55,45,23.86,Weekday,4657.346376955399
Commercial,3204.551196460047,27,13,17.65,Weekend,2720.6617111676633
Industrial,32004.160619313727,88,31,21.87,Weekend,5521.76285663081
Industrial,38092.32368225548,38,35,20.22,Weekday,5143.927036745148
Residential,20351.6631083406,18,37,31.43,Weekday,4110.536618485303
Industrial,46013.85316304125,2,18,27.43,Weekend,5361.405456468783
Residential,16861.47786860725,72,27,15.1,Weekend,3152.613759489203
Industrial,33006.9310883457,15,4,33.67,Weekend,4622.462145690402
Residential,17827.856020677755,51,16,22.81,Weekend,4262.794072689569
Industrial,45708.08953904171,52,11,20.78,Weekend,5316.542896070768
Commercial,16206.499223639528,14,38,18.39,Weekday,3386.050105160379
Residential,34592.93175397749,88,47,28.41,Weekday,4559.427864789151
Industrial,22739.479759635098,97,12,14.15,Weekend,3942.4718865608784
Residential,6876.29168957763,63,35,17.94,Weekday,2850.826378987864
Commercial,50514.77184678928,39,1,30.88,Weekday,4101.529575347053
Commercial,18087.836298091137,10,35,25.87,Weekday,3466.666213098799
Commercial,40140.796879734786,67,9,21.08,Weekend,4156.363006990097
Industrial,19647.96480921706,29,14,33.52,Weekday,4352.554432037648
Commercial,1240.4180266098479,4,34,22.51,Weekday,2536.3738166064327
Residential,30322.825853028386,97,23,20.52,Weekend,4291.543980099956
Industrial,39110.65769149618,29,26,15.49,Weekday,5439.265386148362
Residential,10382.511232415283,12,27,29.52,Weekday,3546.7211912283833
Residential,3576.954919656173,49,34,22.35,Weekend,3352.9400971406067
Commercial,23987.083653795024,34,26,14.98,Weekday,3838.133079612004
Commercial,18176.850408534247,11,40,11.06,Weekend,3249.8071527163515
Residential,34460.48026672982,90,26,23.91,Weekday,4815.449504477401
Commercial,52667.21450457371,78,12,32.66,Weekday,5057.754829053029
Industrial,5511.421289041204,22,37,19.58,Weekend,3334.6656712800063
Residential,41442.01780770774,37,17,20.4,Weekend,4019.6982998677313
Commercial,22220.620215773914,82,22,14.12,Weekend,4725.087128333938
Industrial,45136.47735409622,55,1,22.99,Weekday,5472.611521179972
Residential,48956.39696018505,5,30,32.29,Weekday,3603.2679264250824
Commercial,31165.13331012088,90,14,13.13,Weekend,5216.515777204689
Commercial,31130.17149229024,96,37,20.06,Weekend,4922.900118788768
Commercial,30048.42060879947,37,49,33.14,Weekday,4538.364268242023
Industrial,38455.081748938384,5,41,29.42,Weekend,4910.681452141992
Residential,38883.9956305273,63,24,33.71,Weekday,4229.996418727791
Industrial,14279.866623944545,11,4,21.49,Weekend,2632.0981986816164
Industrial,7.369594283904689,11,29,19.96,Weekday,3175.136605264867
Residential,5913.237443926121,2,47,11.58,Weekend,3679.0143138715675
Commercial,44994.585610264585,22,2,16.32,Weekend,4524.2015584500095
Residential,0.0,70,41,19.04,Weekday,3016.3103907363065
Residential,49070.14685478936,30,3,27.65,Weekday,3818.1321255114017
Industrial,35693.27723125581,10,11,19.06,Weekend,4613.849669898882
Residential,15703.61306867706,30,36,18.33,Weekday,3270.059336850234
Industrial,47903.118932912876,45,45,15.8,Weekend,6346.942997344322
Industrial,13453.60207586809,21,28,17.38,Weekend,4013.6730709717513
Commercial,35018.721820081104,32,38,30.26,Weekend,5212.754282390451
Industrial,42271.264975440645,58,21,26.4,Weekday,6242.184110339492
Residential,27803.169487350424,11,12,14.63,Weekend,2838.7199096452596
Residential,8193.006158008388,43,47,20.27,Weekday,3571.1658688114076
Residential,8758.083818315028,79,40,25.83,Weekend,3910.130165794026
Residential,31969.617245852114,42,5,31.62,Weekend,2801.8782539070326
Industrial,37723.68232406577,5,39,15.27,Weekend,4968.417440886921
Commercial,20882.123079055484,3,1,28.49,Weekend,2567.5490055561245
Residential,4250.516356737342,10,32,22.76,Weekday,2189.8447648087413
Commercial,28454.613841913528,70,36,15.27,Weekend,4670.683232342921
Industrial,21038.934623602894,88,42,31.58,Weekend,5190.100968705527
Industrial,40647.665824226664,31,37,20.24,Weekday,5881.70545768147
Industrial,20647.28953191907,9,13,29.07,Weekday,3996.3332595828892
Commercial,17381.95773528373,46,3,21.1,Weekday,3020.531956084316
Industrial,17943.345242492447,60,45,22.82,Weekend,4540.842445071365
Residential,7140.947195707552,98,46,18.82,Weekday,4323.753171210506
Residential,0.0,16,10,26.17,Weekend,2186.996553931618
Commercial,8066.854147091467,63,31,13.89,Weekend,3734.452477775681
Residential,42995.52855753924,63,6,24.99,Weekend,3820.3270864345545
Commercial,36528.148876953645,58,35,13.49,Weekend,5319.982683462356
Residential,31837.52939462292,96,32,32.11,Weekend,4841.250782148963
Commercial,24438.460070408433,31,11,25.59,Weekday,3657.4750527281744
Residential,2724.0564187296063,43,17,31.12,Weekend,2442.985620697672
Residential,25054.286815611737,92,8,13.46,Weekday,3287.5344365184674
Residential,25795.22571758211,7,37,13.91,Weekday,3201.546869446191
Residential,5834.214349025884,19,7,33.47,Weekday,2270.0514807594386
Commercial,24258.65662939672,72,4,14.08,Weekday,3501.6896008604076
Residential,16508.12004489689,20,33,13.16,Weekday,2577.0328837095553
Residential,20137.16724934212,49,9,20.74,Weekday,3298.8165435997585
Commercial,32293.04857670323,54,28,17.07,Weekend,4723.05990674654
Residential,43115.93525049494,60,13,18.44,Weekday,5018.309195394941
Residential,24498.036023464723,16,19,28.69,Weekday,3214.825074662099
Residential,21903.854846174192,73,42,31.2,Weekday,2513.13835791362
Industrial,19146.527209650678,17,3,20.72,Weekend,3058.3590520446883
Residential,26252.59046785224,72,28,16.73,Weekday,4781.739529438249
Commercial,21116.756964853907,96,25,30.45,Weekday,4407.335735415077
Commercial,45398.708380312164,21,33,28.63,Weekday,4771.190943537274
Residential,37332.83196956817,19,17,29.9,Weekend,3634.2217560155823
Residential,18331.813139211998,57,4,16.0,Weekday,3603.7578308255693
Residential,33880.66870354782,42,46,33.41,Weekend,3807.1650689982725
Industrial,3953.7508678622407,9,45,26.94,Weekday,4064.858944395776
Industrial,24673.018630996517,60,19,26.02,Weekday,4652.4541211909855
Residential,34323.86179540159,74,48,29.06,Weekend,4679.860416855883
Industrial,53395.003070152205,86,23,18.9,Weekend,6131.473863976274
Residential,50370.03947721299,10,35,29.67,Weekday,4228.2970377034735
Residential,17741.76852079449,50,46,29.34,Weekday,3095.7322434142125
Residential,23512.645957862293,60,42,20.2,Weekday,4104.604255545064
Commercial,16468.376567766365,66,37,28.67,Weekday,4582.873905191984
Industrial,13610.007909424374,93,4,25.21,Weekend,3393.1589070280215
Residential,10438.587765395372,90,49,17.05,Weekend,4484.3660324559
Industrial,0.0,34,45,23.29,Weekday,3606.369477061757
Commercial,6819.819814987455,85,8,24.61,Weekday,3452.595672554928
Residential,13962.281359231543,39,32,30.67,Weekday,2644.611371095589
Residential,31093.612794180284,24,2,24.28,Weekday,2154.6238797351944
Commercial,18915.75710437853,48,14,12.46,Weekend,3335.4025340173334
Commercial,7814.499827810925,1,18,24.76,Weekday,2444.3176500034283
Residential,27558.61385861018,21,8,13.77,Weekday,3409.0763634425903
Industrial,46418.687020098805,63,37,32.14,Weekend,6017.45703782856
Industrial,62807.547441466595,85,9,14.35,Weekday,6725.651198868877
Commercial,39583.76194168426,47,21,27.7,Weekend,4369.381476851732
Commercial,37813.48942240653,2,33,30.43,Weekend,4169.96908039535
Industrial,19885.823027822375,74,29,11.39,Weekend,4982.353177795597
Residential,51638.08243812395,33,8,28.35,Weekend,3896.6351319479995
Commercial,10445.940507935939,20,18,32.04,Weekend,2955.9012835442763
Industrial,41234.206723907926,55,48,25.1,Weekend,5962.876287725952
Commercial,23033.017677993128,67,38,21.08,Weekend,3635.659079393289
Commercial,26530.76109150958,95,32,16.24,Weekday,4628.940818602975
Industrial,16156.442336639037,32,5,17.67,Weekend,2853.6850162823375
Residential,52410.03866995647,30,32,25.49,Weekend,4238.694079365161
Residential,53849.19356806816,84,6,20.48,Weekend,5085.742600467592
Commercial,19019.241985535464,8,24,30.91,Weekend,3062.7853438402553
Commercial,23572.442394170146,32,19,23.55,Weekday,3547.3559322420942
Industrial,37793.442316494824,47,45,25.14,Weekday,6178.118722141992
Commercial,36409.26863593273,19,37,24.33,Weekend,4172.285929049919
Commercial,16230.931057117992,87,34,15.2,Weekday,5135.3730129627465
Residential,31317.39971311418,74,30,30.45,Weekend,4201.683353964522
Commercial,30559.67258343796,36,8,12.75,Weekend,5308.328316970173
Commercial,37099.47681203328,3,3,32.11,Weekday,3133.624378549989
Commercial,0.0,20,35,27.42,Weekday,3728.8573662711115
Industrial,24311.120944843937,36,45,25.43,Weekend,5332.174114670859
Industrial,0.0,44,24,16.79,Weekday,3589.9240022522567
Commercial,33717.69962999502,94,38,16.96,Weekend,5286.817988221679
Commercial,0.0,69,16,12.36,Weekday,3051.0244342794417
Residential,36392.2515846827,47,48,28.79,Weekend,3255.7826354164163
Residential,22966.32877271568,35,5,31.08,Weekend,2909.5943691878815
Commercial,28260.77607748524,98,5,12.47,Weekday,4895.495250194392
Industrial,24958.864178961278,21,35,31.59,Weekday,4263.208538359066
Industrial,9822.706856389048,70,24,31.32,Weekend,2760.0185275495096
Residential,16773.650670672603,8,18,32.12,Weekend,2074.4242369181607
Industrial,26779.756234805267,75,15,23.3,Weekday,4895.108610533062
Commercial,29868.687977851,45,23,29.86,Weekday,4745.034091721527
Residential,25753.520940977745,94,17,11.66,Weekend,4396.249701313126
Commercial,21289.86443009528,83,29,31.85,Weekend,4228.78755998141
Commercial,21807.003778553084,21,35,27.24,Weekday,4155.877331306217
Commercial,13821.4521815607,21,40,27.75,Weekday,2684.667562718026
Residential,14278.886350898596,15,34,10.25,Weekend,3125.1331364448065
Residential,0.0,30,18,10.51,Weekday,2732.267353915318
Commercial,41039.457535179194,77,11,12.22,Weekday,5104.94954411942
Residential,34814.698303452155,62,38,30.82,Weekday,4906.544679332764
Commercial,23545.34440527367,94,14,28.28,Weekday,5385.455708235149
Industrial,16702.679833336915,95,10,33.51,Weekday,4835.937690733383
Residential,43297.04353156783,23,44,25.48,Weekend,4454.1077696141
Industrial,0.0,67,37,21.23,Weekday,4315.396035017642
Residential,18461.908018826645,9,1,34.06,Weekday,2663.406154978693
Commercial,3169.9447488976384,85,4,22.85,Weekend,3181.019752583753
Industrial,44692.28196727237,44,22,30.32,Weekend,5805.7944084710625
Commercial,23325.426735400702,38,24,23.33,Weekday,3400.590671875561
Commercial,13236.83231628572,21,9,21.56,Weekend,2387.780463899312
Commercial,18663.873441040025,18,9,15.93,Weekend,3430.9194971771703
Industrial,4245.736109723388,80,41,20.69,Weekend,4869.931458534043
Residential,534.2188919232169,65,46,20.94,Weekday,3364.4206224964396
Residential,5179.309770121936,60,46,24.71,Weekend,3345.251620732749
Industrial,33664.54738306756,82,30,21.74,Weekend,5344.726279728711
Commercial,5596.64600906802,39,6,16.24,Weekend,3383.1207495097433
Commercial,42628.23082026119,60,9,28.82,Weekday,4456.26473846683
Industrial,46658.621322403036,46,12,20.46,Weekend,4874.147786726241
Residential,59789.484318201896,54,27,17.78,Weekday,5317.938539055461
Industrial,44975.85836140102,69,44,15.67,Weekday,6417.625580956547
Industrial,25558.70206793257,86,28,16.18,Weekday,5960.8381061589025
Commercial,2667.4109897099297,49,26,30.56,Weekend,2871.432769397564
Residential,9736.486674116015,52,11,29.55,Weekend,2706.1551182529192
Residential,29115.315352978057,35,1,23.3,Weekend,2512.876721253436
Residential,6820.914325027666,68,44,23.95,Weekend,3762.5996269855655
Industrial,11725.566112232074,7,22,14.67,Weekend,3682.9427372419213
Commercial,44952.56671972076,88,20,32.18,Weekday,5642.489770557177
Residential,7700.268833818241,67,37,16.48,Weekend,3577.2515858503266
Commercial,9725.78968210315,57,11,31.4,Weekend,3304.01846382517
